Datetime,Water Level (m)
2026-01-17 12:00:00,-1.0070635
2026-01-17 13:00:00,-0.9847509
2026-01-17 14:00:00,-0.57120943
2026-01-17 15:00:00,-0.10793951
2026-01-17 16:00:00,0.27518675
2026-01-17 17:00:00,7.0152693
2026-01-17 18:00:00,8.935269
2026-01-17 19:00:00,10.117372
2026-01-17 20:00:00,8.791915
2026-01-17 21:00:00,7.611826
2026-01-17 22:00:00,6.9019904
2026-01-17 23:00:00,6.224709
2026-01-18 00:00:00,5.509675
2026-01-18 01:00:00,4.6814427
2026-01-18 02:00:00,7.0219955
2026-01-18 03:00:00,7.8820267
2026-01-18 04:00:00,7.6668744
2026-01-18 05:00:00,6.8755627
2026-01-18 06:00:00,5.9811897
2026-01-18 07:00:00,5.1212673
2026-01-18 08:00:00,4.324033
2026-01-18 09:00:00,5.9250684
2026-01-18 10:00:00,6.1698275
2026-01-18 11:00:00,5.6630425
2026-01-18 12:00:00,5.1657195
2026-01-18 13:00:00,4.2157283
2026-01-18 14:00:00,3.411043
2026-01-18 15:00:00,2.811946
2026-01-18 16:00:00,2.6548715
2026-01-18 17:00:00,5.312692
2026-01-18 18:00:00,5.1713557
2026-01-18 19:00:00,4.501668
2026-01-18 20:00:00,3.6897247
2026-01-18 21:00:00,2.7806735
2026-01-18 22:00:00,2.1460361
2026-01-18 23:00:00,1.7027699
2026-01-19 00:00:00,2.4836278
2026-01-19 01:00:00,3.0035453
2026-01-19 02:00:00,2.4513543
2026-01-19 03:00:00,1.72676
2026-01-19 04:00:00,1.3767563
2026-01-19 05:00:00,0.99473584
2026-01-19 06:00:00,0.62996125
2026-01-19 07:00:00,1.0646832
2026-01-19 08:00:00,2.3391895
2026-01-19 09:00:00,2.2598495
2026-01-19 10:00:00,1.4489537
2026-01-19 11:00:00,0.8703657
2026-01-19 12:00:00,0.45824194
2026-01-19 13:00:00,0.1801956
2026-01-19 14:00:00,-0.06599341
2026-01-19 15:00:00,0.6420667
2026-01-19 16:00:00,1.2423128
2026-01-19 17:00:00,1.3255038
2026-01-19 18:00:00,1.0540239
2026-01-19 19:00:00,0.5529339
2026-01-19 20:00:00,0.123000436
2026-01-19 21:00:00,-0.10923505
2026-01-19 22:00:00,0.17423598
2026-01-19 23:00:00,0.41115302
2026-01-20 00:00:00,0.26707006
2026-01-20 01:00:00,-0.027337609
2026-01-20 02:00:00,-0.4157424
2026-01-20 03:00:00,-0.6965304
2026-01-20 04:00:00,-0.8557829
2026-01-20 05:00:00,-0.19675583
2026-01-20 06:00:00,0.49023214
2026-01-20 07:00:00,0.7960119
2026-01-20 08:00:00,0.7023013
2026-01-20 09:00:00,0.17674547
2026-01-20 10:00:00,-0.32934985
2026-01-20 11:00:00,-0.5809225
2026-01-20 12:00:00,-0.7407344
2026-01-20 13:00:00,-0.8207157
2026-01-20 14:00:00,-0.8531232
2026-01-20 15:00:00,-0.80208033
2026-01-20 16:00:00,-0.636211
2026-01-20 17:00:00,-0.13639817
2026-01-20 18:00:00,0.3273266
2026-01-20 19:00:00,0.7201639
2026-01-20 20:00:00,0.913527
2026-01-20 21:00:00,0.75834155
2026-01-20 22:00:00,0.295009
2026-01-20 23:00:00,-0.17173453
2026-01-21 00:00:00,-0.46892232
2026-01-21 01:00:00,-0.66429263
2026-01-21 02:00:00,-0.8171803
2026-01-21 03:00:00,-0.92288446
2026-01-21 04:00:00,-0.855859
2026-01-21 05:00:00,-0.3477127
2026-01-21 06:00:00,0.08991422
2026-01-21 07:00:00,0.37018764
2026-01-21 08:00:00,0.4892191
2026-01-21 09:00:00,0.36229974
2026-01-21 10:00:00,0.031438544
2026-01-21 11:00:00,-0.32863048
2026-01-21 12:00:00,-0.56573665
2026-01-21 13:00:00,-0.7409752
2026-01-21 14:00:00,-0.88293916
2026-01-21 15:00:00,-0.9924708
2026-01-21 16:00:00,-0.9414565
2026-01-21 17:00:00,-0.28966755
2026-01-21 18:00:00,0.2244739
2026-01-21 19:00:00,0.60430926
2026-01-21 20:00:00,0.8084415
2026-01-21 21:00:00,0.7011662
2026-01-21 22:00:00,0.34029862
2026-01-21 23:00:00,-0.10625228
2026-01-22 00:00:00,-0.4152011
2026-01-22 01:00:00,-0.618265
2026-01-22 02:00:00,-0.7765656
2026-01-22 03:00:00,-0.9102085
2026-01-22 04:00:00,-1.0075823
2026-01-22 05:00:00,-0.8370452
2026-01-22 06:00:00,-0.21047457
2026-01-22 07:00:00,0.2194192
2026-01-22 08:00:00,0.4835072
2026-01-22 09:00:00,0.52125967
2026-01-22 10:00:00,0.26896065
2026-01-22 11:00:00,-0.14900427
2026-01-22 12:00:00,-0.4697826
2026-01-22 13:00:00,-0.6719474
2026-01-22 14:00:00,-0.8178167
2026-01-22 15:00:00,-0.9360781
2026-01-22 16:00:00,-1.0001588
2026-01-22 17:00:00,-0.6860256
2026-01-22 18:00:00,-0.07622413
2026-01-22 19:00:00,0.35619342
2026-01-22 20:00:00,0.6740258
2026-01-22 21:00:00,0.7382444
2026-01-22 22:00:00,0.5137007
2026-01-22 23:00:00,0.080313794
2026-01-23 00:00:00,-0.30625904
2026-01-23 01:00:00,-0.55080783
2026-01-23 02:00:00,-0.72721654
2026-01-23 03:00:00,-0.86995816
2026-01-23 04:00:00,-0.9896226
2026-01-23 05:00:00,-1.009363
2026-01-23 06:00:00,-0.52272993
2026-01-23 07:00:00,-0.031208752
2026-01-23 08:00:00,0.31035638
2026-01-23 09:00:00,0.50422764
2026-01-23 10:00:00,0.4389057
2026-01-23 11:00:00,0.1340665
2026-01-23 12:00:00,-0.26467785
